"id","name","description","class_dotw","class_time","class_length","class_cost"
1,"Advanced modular matrix","architect intuitive synergies","F","2:10 PM","60","$594.86"
2,"Ergonomic actuating toolset","incentivize customized technologies","M","12:01 PM","90","$482.69"
3,"Right-sized upward-trending open system","expedite 24/7 markets","F","9:34 AM","30","$454.88"
4,"Front-line holistic website","scale granular web-readiness","R","4:23 PM","45","$312.24"
5,"Seamless zero tolerance functionalities","recontextualize 24/365 interfaces","F","6:07 PM","60","$305.55"
6,"Configurable solution-oriented installation","evolve best-of-breed metrics","W","10:05 AM","30","$570.03"
7,"Open-source system-worthy challenge","empower integrated niches","T","6:35 PM","90","$369.52"
8,"Assimilated hybrid artificial intelligence","e-enable sexy paradigms","M","7:31 PM","45","$468.69"
9,"Vision-oriented real-time productivity","grow innovative experiences","M","12:17 PM","60","$591.41"
10,"Horizontal transitional structure","syndicate granular e-commerce","F","1:41 PM","60","$570.63"
11,"Seamless mission-critical portal","transition efficient schemas","T","1:08 PM","45","$598.53"
12,"Quality-focused system-worthy benchmark","utilize strategic ROI","W","7:39 PM","60","$582.16"
13,"Operative reciprocal pricing structure","visualize web-enabled supply-chains","R","10:57 AM","45","$381.80"
14,"Polarised web-enabled time-frame","strategize ubiquitous supply-chains","M","6:44 PM","30","$454.15"
15,"Automated regional framework","generate out-of-the-box infrastructures","R","1:15 PM","90","$334.69"
16,"Multi-channelled intermediate concept","facilitate virtual e-services","R","2:35 PM","90","$453.65"
17,"Vision-oriented encompassing matrix","incentivize viral metrics","T","6:17 PM","90","$303.68"
18,"Pre-emptive full-range capability","engineer integrated eyeballs","M","5:33 PM","45","$526.87"
19,"Front-line explicit info-mediaries","whiteboard proactive web-readiness","W","12:47 PM","90","$427.46"
20,"Streamlined tertiary database","orchestrate front-end networks","M","12:41 PM","45","$344.92"
21,"Synergized disintermediate collaboration","matrix impactful niches","T","12:51 PM","90","$341.25"
22,"Up-sized maximized portal","productize global convergence","W","10:16 AM","30","$470.70"
23,"Phased actuating encoding","revolutionize bleeding-edge ROI","M","1:08 PM","30","$510.31"
24,"Customer-focused fresh-thinking project","deliver magnetic paradigms","F","8:15 AM","45","$471.40"
25,"Decentralized web-enabled analyzer","integrate global e-tailers","T","11:43 AM","90","$582.19"
26,"Upgradable fault-tolerant concept","whiteboard granular relationships","M","12:13 PM","90","$532.52"
27,"Automated even-keeled concept","visualize distributed web-readiness","W","1:35 PM","90","$481.96"
28,"Visionary 24/7 support","disintermediate strategic mindshare","W","10:22 AM","60","$490.93"
29,"Profound value-added superstructure","productize bricks-and-clicks channels","R","7:04 PM","90","$413.53"
30,"Versatile value-added concept","innovate world-class infrastructures","F","6:41 PM","60","$564.57"
