"id","first_name","last_name","title","email","gender","dob","avatar","current_city","current_state","current_postal","current_street_name","current_street_number","birth_city","birth_state","birth_country","ethnicity","phone_home","phone_cell","password","ssn","class_id","university"
1,"Carri","Witling","Dr","cwitling0@example.com","Female","1982-01-08","https://robohash.org/utdelectusvoluptate.jpg?size=75x75&set=set1","San Jose","CA","95118","Sutherland","5","Wilmington","DE","United States","Mexican","408-704-5750","302-480-6648","78db16ec2d41457f4ef164c2593e68d0e7cf19c5","78db16ec2d41457f4ef164c2593e68d0e7cf19c5","0","Virginia Commonwealth University"
2,"Mufi","Hatliffe","Rev","mhatliffe1@sciencedaily.com","Female","1982-07-23","https://robohash.org/nostrumetsit.jpg?size=75x75&set=set1","Wichita","KS","67210","Ludington","881","Sacramento","CA","United States","Chinese","316-690-6780","916-109-6877","78db16ec2d41457f4ef164c2593e68d0e7cf19c5","78db16ec2d41457f4ef164c2593e68d0e7cf19c5","1","Standford University"
3,"Ami","Itzak","Rev","aitzak2@google.co.uk","Female","1984-05-16","https://robohash.org/etvoluptatemlibero.jpg?size=75x75&set=set1","Louisville","KY","40293","Fordem","9","Las Vegas","NV","United States","Potawatomi","502-186-4167","702-893-5870","78db16ec2d41457f4ef164c2593e68d0e7cf19c5","78db16ec2d41457f4ef164c2593e68d0e7cf19c5","2","Kenyon College"
4,"Isa","Allward","Rev","iallward3@elpais.com","Female","1978-08-31","https://robohash.org/repudiandaequidemminima.jpg?size=75x75&set=set1","Oakland","CA","94622","Huxley","1905","Oakland","CA","United States","Comanche","510-668-9086","510-523-2209","78db16ec2d41457f4ef164c2593e68d0e7cf19c5","78db16ec2d41457f4ef164c2593e68d0e7cf19c5","3","Union University"
5,"Richmond","Barnsley","Rev","rbarnsley4@intel.com","Male","1977-10-09","https://robohash.org/veleosmolestias.jpg?size=75x75&set=set1","Topeka","KS","66699","Londonderry","6015","Seattle","WA","United States","Venezuelan","785-832-0669","206-260-5205","78db16ec2d41457f4ef164c2593e68d0e7cf19c5","78db16ec2d41457f4ef164c2593e68d0e7cf19c5","4","Northwood University, Texas Campus"
6,"Ferdie","Featley","Rev","ffeatley5@ucoz.ru","Male","1986-10-20","https://robohash.org/exquiperferendis.jpg?size=75x75&set=set1","Seattle","WA","98109","Meadow Valley","46794","Mobile","AL","United States","Pima","425-964-7279","251-923-7577","78db16ec2d41457f4ef164c2593e68d0e7cf19c5","78db16ec2d41457f4ef164c2593e68d0e7cf19c5","5","Florida State University"
7,"Joel","Newport","Mrs","jnewport6@icq.com","Male","1982-06-27","https://robohash.org/quienimperferendis.jpg?size=75x75&set=set1","Montpelier","VT","05609","Fordem","90","Topeka","KS","United States","Ottawa","802-549-9930","785-931-7682","78db16ec2d41457f4ef164c2593e68d0e7cf19c5","78db16ec2d41457f4ef164c2593e68d0e7cf19c5","6","Fresno City College"
8,"Lawry","Stait","Dr","lstait7@printfriendly.com","Male","1976-03-29","https://robohash.org/quisdoloremesse.jpg?size=75x75&set=set1","Scottsdale","AZ","85255","Dexter","73","San Antonio","TX","United States","Taiwanese","480-738-7171","210-721-4082","78db16ec2d41457f4ef164c2593e68d0e7cf19c5","78db16ec2d41457f4ef164c2593e68d0e7cf19c5","7","St. Louis College of Pharmacy"
9,"Truda","Jewer","Ms","tjewer8@a8.net","Female","1987-05-11","https://robohash.org/sedvoluptatemnesciunt.jpg?size=75x75&set=set1","Staten Island","NY","10305","Everett","76940","Davenport","IA","United States","Melanesian","718-869-0801","563-211-0922","78db16ec2d41457f4ef164c2593e68d0e7cf19c5","78db16ec2d41457f4ef164c2593e68d0e7cf19c5","8","University of Connecticut at Avery Point"
10,"Freedman","Khomishin","Mrs","fkhomishin9@people.com.cn","Male","1985-05-18","https://robohash.org/eumsintofficiis.jpg?size=75x75&set=set1","White Plains","NY","10633","Victoria","45","Fort Worth","TX","United States","Guamanian","845-483-9410","817-386-3018","78db16ec2d41457f4ef164c2593e68d0e7cf19c5","78db16ec2d41457f4ef164c2593e68d0e7cf19c5","9","Sullivan College"
11,"Vachel","Tow","Ms","vtowa@360.cn","Male","1979-04-19","https://robohash.org/auteumquo.jpg?size=75x75&set=set1","Fort Lauderdale","FL","33305","Hooker","44640","Saint Petersburg","FL","United States","Pima","954-702-9923","727-194-6191","78db16ec2d41457f4ef164c2593e68d0e7cf19c5","78db16ec2d41457f4ef164c2593e68d0e7cf19c5","10","Eureka College"
12,"Gonzalo","Cordon","Mrs","gcordonb@bbb.org","Male","1980-10-27","https://robohash.org/omniscorporisipsam.jpg?size=75x75&set=set1","San Francisco","CA","94116","Meadow Vale","987","Atlanta","GA","United States","Cheyenne","415-713-7201","404-824-1999","78db16ec2d41457f4ef164c2593e68d0e7cf19c5","78db16ec2d41457f4ef164c2593e68d0e7cf19c5","11","Pace University  Pleasantville/Briarcliff"
13,"Giraud","Iveagh","Honorable","giveaghc@slate.com","Male","1994-08-01","https://robohash.org/recusandaeametfacere.jpg?size=75x75&set=set1","Chicago","IL","60619","Huxley","03134","Greenville","SC","United States","Fijian","773-979-9295","864-263-9196","78db16ec2d41457f4ef164c2593e68d0e7cf19c5","78db16ec2d41457f4ef164c2593e68d0e7cf19c5","12","Trinity Christian College"
14,"Kariotta","Overel","Dr","kovereld@comsenz.com","Female","1988-09-23","https://robohash.org/illumharumiusto.jpg?size=75x75&set=set1","Salt Lake City","UT","84135","Hanson","9","Riverside","CA","United States","Pakistani","801-402-8167","951-249-6114","78db16ec2d41457f4ef164c2593e68d0e7cf19c5","78db16ec2d41457f4ef164c2593e68d0e7cf19c5","13","Arkansas State University, Mountain Home"
15,"Eolande","Cottisford","Mr","ecottisforde@marketwatch.com","Female","1993-08-31","https://robohash.org/quoasperioresarchitecto.jpg?size=75x75&set=set1","Peoria","IL","61656","Continental","60","Macon","GA","United States","Creek","309-913-0062","478-842-3438","78db16ec2d41457f4ef164c2593e68d0e7cf19c5","78db16ec2d41457f4ef164c2593e68d0e7cf19c5","14","Towson University"
16,"Carson","Turbayne","Mrs","cturbaynef@wiley.com","Male","1984-01-23","https://robohash.org/optioautest.jpg?size=75x75&set=set1","Oklahoma City","OK","73179","Northwestern","5","San Diego","CA","United States","Puget Sound Salish","405-425-0471","619-295-4626","78db16ec2d41457f4ef164c2593e68d0e7cf19c5","78db16ec2d41457f4ef164c2593e68d0e7cf19c5","15","State University of New York School of Engineering and Applied Sciences"
17,"Terrel","Cains","Mrs","tcainsg@macromedia.com","Male","1984-07-24","https://robohash.org/autsuntdistinctio.jpg?size=75x75&set=set1","Katy","TX","77493","Warbler","9","Sioux Falls","SD","United States","Puerto Rican","281-779-0741","605-635-1859","78db16ec2d41457f4ef164c2593e68d0e7cf19c5","78db16ec2d41457f4ef164c2593e68d0e7cf19c5","16","Case Western Reserve University"
18,"Stanislaus","Grichukhin","Honorable","sgrichukhinh@cmu.edu","Male","1995-03-03","https://robohash.org/etetexercitationem.jpg?size=75x75&set=set1","Corpus Christi","TX","78426","Loomis","27971","Philadelphia","PA","United States","Chilean","361-929-7148","267-449-0326","78db16ec2d41457f4ef164c2593e68d0e7cf19c5","78db16ec2d41457f4ef164c2593e68d0e7cf19c5","17","St. Michael's College"
19,"Wesley","Diplock","Rev","wdiplocki@sciencedaily.com","Male","1994-06-06","https://robohash.org/reiciendisdelenitiest.jpg?size=75x75&set=set1","Atlanta","GA","30340","Manitowish","52385","Charleston","WV","United States","Central American","678-157-2580","304-495-0934","78db16ec2d41457f4ef164c2593e68d0e7cf19c5","78db16ec2d41457f4ef164c2593e68d0e7cf19c5","18","Medaille College"
20,"Chet","Kynett","Dr","ckynettj@cnet.com","Male","1990-10-26","https://robohash.org/quasisolutaest.jpg?size=75x75&set=set1","Fresno","CA","93786","Buell","90","Wichita","KS","United States","Potawatomi","559-590-1689","316-937-7301","78db16ec2d41457f4ef164c2593e68d0e7cf19c5","78db16ec2d41457f4ef164c2593e68d0e7cf19c5","19","Gordon Conwell Theological Seminary"
21,"Desdemona","MacGilpatrick","Rev","dmacgilpatrickk@google.com","Female","1991-04-09","https://robohash.org/sintquosit.jpg?size=75x75&set=set1","Shreveport","LA","71151","Pennsylvania","24","Stockton","CA","United States","Shoshone","318-538-5645","209-312-7784","78db16ec2d41457f4ef164c2593e68d0e7cf19c5","78db16ec2d41457f4ef164c2593e68d0e7cf19c5","20","La Salle University"
22,"Madelina","Coviello","Honorable","mcoviellol@lycos.com","Female","1985-11-17","https://robohash.org/doloremadolorum.jpg?size=75x75&set=set1","Jacksonville","FL","32244","Emmet","8877","El Paso","TX","United States","Crow","904-877-6851","915-245-2143","78db16ec2d41457f4ef164c2593e68d0e7cf19c5","78db16ec2d41457f4ef164c2593e68d0e7cf19c5","21","York College Nebraska"
23,"Morena","Bartosik","Honorable","mbartosikm@about.com","Female","1988-06-01","https://robohash.org/eumametvoluptas.jpg?size=75x75&set=set1","Elizabeth","NJ","07208","Sycamore","81","Hot Springs National Park","AR","United States","Crow","908-646-8419","501-165-6752","78db16ec2d41457f4ef164c2593e68d0e7cf19c5","78db16ec2d41457f4ef164c2593e68d0e7cf19c5","22","University of Central Florida"
24,"Rosemonde","Ragge","Ms","rraggen@nhs.uk","Female","1987-05-07","https://robohash.org/doloresetducimus.jpg?size=75x75&set=set1","Olympia","WA","98516","Ohio","00373","Cincinnati","OH","United States","Taiwanese","253-957-8750","513-348-5489","78db16ec2d41457f4ef164c2593e68d0e7cf19c5","78db16ec2d41457f4ef164c2593e68d0e7cf19c5","23","New York Institute of Technology"
25,"Francesca","Garton","Rev","fgartono@apache.org","Female","1986-02-26","https://robohash.org/quiautrem.jpg?size=75x75&set=set1","Orlando","FL","32859","Cordelia","1525","Lake Worth","FL","United States","Japanese","407-679-7925","561-869-0840","78db16ec2d41457f4ef164c2593e68d0e7cf19c5","78db16ec2d41457f4ef164c2593e68d0e7cf19c5","24","Louisiana State University and Agricultural and Mechanical College"
26,"Joby","Ovize","Rev","jovizep@craigslist.org","Female","1995-04-28","https://robohash.org/sedipsaeius.jpg?size=75x75&set=set1","South Bend","IN","46620","Farragut","92799","Denver","CO","United States","Cuban","574-802-2549","303-672-4698","78db16ec2d41457f4ef164c2593e68d0e7cf19c5","78db16ec2d41457f4ef164c2593e68d0e7cf19c5","25","Kentucky Wesleyan College"
27,"El","Willshee","Ms","ewillsheeq@zdnet.com","Male","1984-04-14","https://robohash.org/reiciendisevenietut.jpg?size=75x75&set=set1","Gatesville","TX","76598","Thompson","806","Kansas City","MO","United States","Cree","254-859-3787","816-991-0230","78db16ec2d41457f4ef164c2593e68d0e7cf19c5","78db16ec2d41457f4ef164c2593e68d0e7cf19c5","26","Eastern Oregon University"
28,"Aridatha","Dibbin","Mrs","adibbinr@people.com.cn","Female","1976-03-15","https://robohash.org/sitcorruptiaut.jpg?size=75x75&set=set1","Youngstown","OH","44511","High Crossing","7","Hartford","CT","United States","American Indian","330-918-3242","860-649-3679","78db16ec2d41457f4ef164c2593e68d0e7cf19c5","78db16ec2d41457f4ef164c2593e68d0e7cf19c5","27","Lindsey Wilson College"
29,"Vinny","Cosbee","Dr","vcosbees@oaic.gov.au","Male","1990-04-29","https://robohash.org/cumqueexercitationemrepellendus.jpg?size=75x75&set=set1","Torrance","CA","90510","Burrows","6","Morgantown","WV","United States","Japanese","818-405-0324","304-423-6714","78db16ec2d41457f4ef164c2593e68d0e7cf19c5","78db16ec2d41457f4ef164c2593e68d0e7cf19c5","28","National College of Chiropractic"
30,"Nikolaos","Mechic","Dr","nmechict@kickstarter.com","Male","1977-06-08","https://robohash.org/doloresdoloremcumque.jpg?size=75x75&set=set1","Indianapolis","IN","46295","Mcbride","768","Washington","DC","United States","Chilean","317-793-4280","202-840-2267","78db16ec2d41457f4ef164c2593e68d0e7cf19c5","78db16ec2d41457f4ef164c2593e68d0e7cf19c5","29","National American University, Roseville"
